{
  "mode": "driver_behavior_binary_controlled_random_repeated",
  "method": "Repeated stratified random row split(n_repeats=5)",
  "fold_count": 5,
  "labels": [
    "AGGRESSIVE",
    "NORMAL"
  ],
  "unique_groups": 1,
  "summary_by_model": [
    {
      "model_name": "random_forest",
      "android_exportable": true,
      "folds": 5,
      "accuracy_mean": 0.915473441108545,
      "accuracy_std": 0.0164345929558034,
      "macro_f1_mean": 0.9091614521756306,
      "macro_f1_std": 0.017463549151772475,
      "mean_test_confidence": 0.865279894570213
    },
    {
      "model_name": "extra_trees",
      "android_exportable": true,
      "folds": 5,
      "accuracy_mean": 0.9071593533487299,
      "accuracy_std": 0.01826671587370456,
      "macro_f1_mean": 0.9017183876350924,
      "macro_f1_std": 0.018695656348901652,
      "mean_test_confidence": 0.8315525417829825
    },
    {
      "model_name": "gradient_boosting",
      "android_exportable": false,
      "folds": 5,
      "accuracy_mean": 0.897459584295612,
      "accuracy_std": 0.008339709046313057,
      "macro_f1_mean": 0.8908971867697847,
      "macro_f1_std": 0.008841914387808613,
      "mean_test_confidence": 0.8697698987622914
    },
    {
      "model_name": "logistic_regression",
      "android_exportable": true,
      "folds": 5,
      "accuracy_mean": 0.8369515011547344,
      "accuracy_std": 0.01756411394164579,
      "macro_f1_mean": 0.8255313235120889,
      "macro_f1_std": 0.017231921782114405,
      "mean_test_confidence": 0.8149263057935224
    }
  ],
  "note": "Controlled random repeated validation is for dataset/demo comparison only and can be optimistic."
}