{
  "mode": "strict_grouped",
  "best_model": {
    "mode": "strict_grouped",
    "model_name": "logistic_regression",
    "android_exportable": true,
    "accuracy": 0.4183937823834197,
    "macro_f1": 0.3373582253514809,
    "labels": [
      "AGGRESSIVE",
      "NORMAL",
      "ROAD_ANOMALY"
    ],
    "confusion_matrix": [
      [
        14,
        58,
        301
      ],
      [
        10,
        271,
        396
      ],
      [
        2,
        131,
        361
      ]
    ],
    "classification_report": {
      "AGGRESSIVE": {
        "precision": 0.5384615384615384,
        "recall": 0.03753351206434316,
        "f1-score": 0.07017543859649122,
        "support": 373.0
      },
      "NORMAL": {
        "precision": 0.5891304347826087,
        "recall": 0.40029542097488924,
        "f1-score": 0.4766930518909411,
        "support": 677.0
      },
      "ROAD_ANOMALY": {
        "precision": 0.34120982986767484,
        "recall": 0.7307692307692307,
        "f1-score": 0.4652061855670103,
        "support": 494.0
      },
      "accuracy": 0.4183937823834197,
      "macro avg": {
        "precision": 0.48960060103727404,
        "recall": 0.3895327212694877,
        "f1-score": 0.3373582253514809,
        "support": 1544.0
      },
      "weighted avg": {
        "precision": 0.49756807911179496,
        "recall": 0.4183937823834197,
        "f1-score": 0.37481119844349836,
        "support": 1544.0
      }
    },
    "split": {
      "method": "StratifiedGroupKFold(n_splits=2)",
      "note": "Strict grouped split estimates generalization to held-out sessions.",
      "unique_groups": 23,
      "train_rows": 1609,
      "test_rows": 1544,
      "train_groups": 12,
      "test_groups": 11,
      "train_label_counts": {
        "NORMAL": 694,
        "ROAD_ANOMALY": 495,
        "AGGRESSIVE": 420
      },
      "test_label_counts": {
        "NORMAL": 677,
        "ROAD_ANOMALY": 494,
        "AGGRESSIVE": 373
      }
    },
    "mean_test_confidence": 0.7123748302568549
  },
  "split": {
    "method": "StratifiedGroupKFold(n_splits=2)",
    "note": "Strict grouped split estimates generalization to held-out sessions.",
    "unique_groups": 23,
    "train_rows": 1609,
    "test_rows": 1544,
    "train_groups": 12,
    "test_groups": 11,
    "train_label_counts": {
      "NORMAL": 694,
      "ROAD_ANOMALY": 495,
      "AGGRESSIVE": 420
    },
    "test_label_counts": {
      "NORMAL": 677,
      "ROAD_ANOMALY": 494,
      "AGGRESSIVE": 373
    }
  }
}